,Month,Region,Regional GDP
0,2000-03-01,Auckland," 39,826 "
1,2000-06-01,Auckland," 40,601 "
2,2000-09-01,Auckland," 41,377 "
3,2000-12-01,Auckland," 42,153 "
4,2001-03-01,Auckland," 42,928 "
5,2001-06-01,Auckland," 43,704 "
6,2001-09-01,Auckland," 44,479 "
7,2001-12-01,Auckland," 45,255 "
8,2002-03-01,Auckland," 46,030 "
9,2002-06-01,Auckland," 46,806 "
10,2002-09-01,Auckland," 47,581 "
11,2002-12-01,Auckland," 48,357 "
12,2003-03-01,Auckland," 49,133 "
13,2003-06-01,Auckland," 49,908 "
14,2003-09-01,Auckland," 50,684 "
15,2003-12-01,Auckland," 51,459 "
16,2004-03-01,Auckland," 52,235 "
17,2004-06-01,Auckland," 53,010 "
18,2004-09-01,Auckland," 53,786 "
19,2004-12-01,Auckland," 54,562 "
20,2005-03-01,Auckland," 55,337 "
21,2005-06-01,Auckland," 56,113 "
22,2005-09-01,Auckland," 56,888 "
23,2005-12-01,Auckland," 57,664 "
24,2006-03-01,Auckland," 58,439 "
25,2006-06-01,Auckland," 59,215 "
26,2006-09-01,Auckland," 59,990 "
27,2006-12-01,Auckland," 60,766 "
28,2007-03-01,Auckland," 61,542 "
29,2007-06-01,Auckland," 62,317 "
30,2007-09-01,Auckland," 63,093 "
31,2007-12-01,Auckland," 63,868 "
32,2008-03-01,Auckland," 64,644 "
33,2008-06-01,Auckland," 65,419 "
34,2008-09-01,Auckland," 66,195 "
35,2008-12-01,Auckland," 66,970 "
36,2009-03-01,Auckland," 67,746 "
37,2009-06-01,Auckland," 68,522 "
38,2009-09-01,Auckland," 69,297 "
39,2009-12-01,Auckland," 70,073 "
40,2010-03-01,Auckland," 70,848 "
41,2010-06-01,Auckland," 71,624 "
42,2010-09-01,Auckland," 72,399 "
43,2010-12-01,Auckland," 73,175 "
44,2011-03-01,Auckland," 73,950 "
45,2011-06-01,Auckland," 74,726 "
46,2011-09-01,Auckland," 75,502 "
47,2011-12-01,Auckland," 76,277 "
48,2012-03-01,Auckland," 77,053 "
49,2012-06-01,Auckland," 77,828 "
50,2012-09-01,Auckland," 78,604 "
51,2012-12-01,Auckland," 79,379 "
52,2013-03-01,Auckland," 80,155 "
53,2013-06-01,Auckland," 80,930 "
54,2013-09-01,Auckland," 81,706 "
55,2013-12-01,Auckland," 82,482 "
56,2014-03-01,Auckland," 83,257 "
57,2014-06-01,Auckland," 84,033 "
58,2014-09-01,Auckland," 84,808 "
59,2014-12-01,Auckland," 85,584 "
60,2015-03-01,Auckland," 86,359 "
61,2015-06-01,Auckland," 87,135 "
62,2015-09-01,Auckland," 87,910 "
63,2015-12-01,Auckland," 88,686 "
64,2016-03-01,Auckland," 89,462 "
65,2016-06-01,Auckland," 90,237 "
66,2016-09-01,Auckland," 91,013 "
67,2016-12-01,Auckland," 91,788 "
68,2017-03-01,Auckland," 92,564 "
69,2017-06-01,Auckland," 93,339 "
70,2017-09-01,Auckland," 94,115 "
71,2017-12-01,Auckland," 94,891 "
72,2018-03-01,Auckland," 95,666 "
73,2018-06-01,Auckland," 96,442 "
74,2018-09-01,Auckland," 97,217 "
75,2018-12-01,Auckland," 97,993 "
0,2000-03-01,Bay of Plenty," 5,755 "
1,2000-06-01,Bay of Plenty," 5,866 "
2,2000-09-01,Bay of Plenty," 5,977 "
3,2000-12-01,Bay of Plenty," 6,088 "
4,2001-03-01,Bay of Plenty," 6,199 "
5,2001-06-01,Bay of Plenty," 6,310 "
6,2001-09-01,Bay of Plenty," 6,421 "
7,2001-12-01,Bay of Plenty," 6,532 "
8,2002-03-01,Bay of Plenty," 6,643 "
9,2002-06-01,Bay of Plenty," 6,754 "
10,2002-09-01,Bay of Plenty," 6,865 "
11,2002-12-01,Bay of Plenty," 6,976 "
12,2003-03-01,Bay of Plenty," 7,087 "
13,2003-06-01,Bay of Plenty," 7,198 "
14,2003-09-01,Bay of Plenty," 7,309 "
15,2003-12-01,Bay of Plenty," 7,420 "
16,2004-03-01,Bay of Plenty," 7,531 "
17,2004-06-01,Bay of Plenty," 7,642 "
18,2004-09-01,Bay of Plenty," 7,753 "
19,2004-12-01,Bay of Plenty," 7,865 "
20,2005-03-01,Bay of Plenty," 7,976 "
21,2005-06-01,Bay of Plenty," 8,087 "
22,2005-09-01,Bay of Plenty," 8,198 "
23,2005-12-01,Bay of Plenty," 8,309 "
24,2006-03-01,Bay of Plenty," 8,420 "
25,2006-06-01,Bay of Plenty," 8,531 "
26,2006-09-01,Bay of Plenty," 8,642 "
27,2006-12-01,Bay of Plenty," 8,753 "
28,2007-03-01,Bay of Plenty," 8,864 "
29,2007-06-01,Bay of Plenty," 8,975 "
30,2007-09-01,Bay of Plenty," 9,086 "
31,2007-12-01,Bay of Plenty," 9,197 "
32,2008-03-01,Bay of Plenty," 9,308 "
33,2008-06-01,Bay of Plenty," 9,419 "
34,2008-09-01,Bay of Plenty," 9,530 "
35,2008-12-01,Bay of Plenty," 9,641 "
36,2009-03-01,Bay of Plenty," 9,752 "
37,2009-06-01,Bay of Plenty," 9,863 "
38,2009-09-01,Bay of Plenty," 9,974 "
39,2009-12-01,Bay of Plenty," 10,086 "
40,2010-03-01,Bay of Plenty," 10,197 "
41,2010-06-01,Bay of Plenty," 10,308 "
42,2010-09-01,Bay of Plenty," 10,419 "
43,2010-12-01,Bay of Plenty," 10,530 "
44,2011-03-01,Bay of Plenty," 10,641 "
45,2011-06-01,Bay of Plenty," 10,752 "
46,2011-09-01,Bay of Plenty," 10,863 "
47,2011-12-01,Bay of Plenty," 10,974 "
48,2012-03-01,Bay of Plenty," 11,085 "
49,2012-06-01,Bay of Plenty," 11,196 "
50,2012-09-01,Bay of Plenty," 11,307 "
51,2012-12-01,Bay of Plenty," 11,418 "
52,2013-03-01,Bay of Plenty," 11,529 "
53,2013-06-01,Bay of Plenty," 11,640 "
54,2013-09-01,Bay of Plenty," 11,751 "
55,2013-12-01,Bay of Plenty," 11,862 "
56,2014-03-01,Bay of Plenty," 11,973 "
57,2014-06-01,Bay of Plenty," 12,084 "
58,2014-09-01,Bay of Plenty," 12,195 "
59,2014-12-01,Bay of Plenty," 12,307 "
60,2015-03-01,Bay of Plenty," 12,418 "
61,2015-06-01,Bay of Plenty," 12,529 "
62,2015-09-01,Bay of Plenty," 12,640 "
63,2015-12-01,Bay of Plenty," 12,751 "
64,2016-03-01,Bay of Plenty," 12,862 "
65,2016-06-01,Bay of Plenty," 12,973 "
66,2016-09-01,Bay of Plenty," 13,084 "
67,2016-12-01,Bay of Plenty," 13,195 "
68,2017-03-01,Bay of Plenty," 13,306 "
69,2017-06-01,Bay of Plenty," 13,417 "
70,2017-09-01,Bay of Plenty," 13,528 "
71,2017-12-01,Bay of Plenty," 13,639 "
72,2018-03-01,Bay of Plenty," 13,750 "
73,2018-06-01,Bay of Plenty," 13,861 "
74,2018-09-01,Bay of Plenty," 13,972 "
75,2018-12-01,Bay of Plenty," 14,083 "
0,2000-03-01,Canterbury," 12,286 "
1,2000-06-01,Canterbury," 12,598 "
2,2000-09-01,Canterbury," 12,910 "
3,2000-12-01,Canterbury," 13,222 "
4,2001-03-01,Canterbury," 13,534 "
5,2001-06-01,Canterbury," 13,846 "
6,2001-09-01,Canterbury," 14,158 "
7,2001-12-01,Canterbury," 14,470 "
8,2002-03-01,Canterbury," 14,783 "
9,2002-06-01,Canterbury," 15,095 "
10,2002-09-01,Canterbury," 15,407 "
11,2002-12-01,Canterbury," 15,719 "
12,2003-03-01,Canterbury," 16,031 "
13,2003-06-01,Canterbury," 16,343 "
14,2003-09-01,Canterbury," 16,655 "
15,2003-12-01,Canterbury," 16,967 "
16,2004-03-01,Canterbury," 17,279 "
17,2004-06-01,Canterbury," 17,591 "
18,2004-09-01,Canterbury," 17,904 "
19,2004-12-01,Canterbury," 18,216 "
20,2005-03-01,Canterbury," 18,528 "
21,2005-06-01,Canterbury," 18,840 "
22,2005-09-01,Canterbury," 19,152 "
23,2005-12-01,Canterbury," 19,464 "
24,2006-03-01,Canterbury," 19,776 "
25,2006-06-01,Canterbury," 20,088 "
26,2006-09-01,Canterbury," 20,400 "
27,2006-12-01,Canterbury," 20,712 "
28,2007-03-01,Canterbury," 21,025 "
29,2007-06-01,Canterbury," 21,337 "
30,2007-09-01,Canterbury," 21,649 "
31,2007-12-01,Canterbury," 21,961 "
32,2008-03-01,Canterbury," 22,273 "
33,2008-06-01,Canterbury," 22,585 "
34,2008-09-01,Canterbury," 22,897 "
35,2008-12-01,Canterbury," 23,209 "
36,2009-03-01,Canterbury," 23,521 "
37,2009-06-01,Canterbury," 23,833 "
38,2009-09-01,Canterbury," 24,146 "
39,2009-12-01,Canterbury," 24,458 "
40,2010-03-01,Canterbury," 24,770 "
41,2010-06-01,Canterbury," 25,082 "
42,2010-09-01,Canterbury," 25,394 "
43,2010-12-01,Canterbury," 25,706 "
44,2011-03-01,Canterbury," 26,018 "
45,2011-06-01,Canterbury," 26,330 "
46,2011-09-01,Canterbury," 26,642 "
47,2011-12-01,Canterbury," 26,954 "
48,2012-03-01,Canterbury," 27,267 "
49,2012-06-01,Canterbury," 27,579 "
50,2012-09-01,Canterbury," 27,891 "
51,2012-12-01,Canterbury," 28,203 "
52,2013-03-01,Canterbury," 28,515 "
53,2013-06-01,Canterbury," 28,827 "
54,2013-09-01,Canterbury," 29,139 "
55,2013-12-01,Canterbury," 29,451 "
56,2014-03-01,Canterbury," 29,763 "
57,2014-06-01,Canterbury," 30,075 "
58,2014-09-01,Canterbury," 30,388 "
59,2014-12-01,Canterbury," 30,700 "
60,2015-03-01,Canterbury," 31,012 "
61,2015-06-01,Canterbury," 31,324 "
62,2015-09-01,Canterbury," 31,636 "
63,2015-12-01,Canterbury," 31,948 "
64,2016-03-01,Canterbury," 32,260 "
65,2016-06-01,Canterbury," 32,572 "
66,2016-09-01,Canterbury," 32,884 "
67,2016-12-01,Canterbury," 33,196 "
68,2017-03-01,Canterbury," 33,509 "
69,2017-06-01,Canterbury," 33,821 "
70,2017-09-01,Canterbury," 34,133 "
71,2017-12-01,Canterbury," 34,445 "
72,2018-03-01,Canterbury," 34,757 "
73,2018-06-01,Canterbury," 35,069 "
74,2018-09-01,Canterbury," 35,381 "
75,2018-12-01,Canterbury," 35,693 "
0,2000-03-01,Gisborne, 932 
1,2000-06-01,Gisborne, 945 
2,2000-09-01,Gisborne, 958 
3,2000-12-01,Gisborne, 971 
4,2001-03-01,Gisborne, 984 
5,2001-06-01,Gisborne, 997 
6,2001-09-01,Gisborne," 1,009 "
7,2001-12-01,Gisborne," 1,022 "
8,2002-03-01,Gisborne," 1,035 "
9,2002-06-01,Gisborne," 1,048 "
10,2002-09-01,Gisborne," 1,061 "
11,2002-12-01,Gisborne," 1,074 "
12,2003-03-01,Gisborne," 1,087 "
13,2003-06-01,Gisborne," 1,099 "
14,2003-09-01,Gisborne," 1,112 "
15,2003-12-01,Gisborne," 1,125 "
16,2004-03-01,Gisborne," 1,138 "
17,2004-06-01,Gisborne," 1,151 "
18,2004-09-01,Gisborne," 1,164 "
19,2004-12-01,Gisborne," 1,177 "
20,2005-03-01,Gisborne," 1,189 "
21,2005-06-01,Gisborne," 1,202 "
22,2005-09-01,Gisborne," 1,215 "
23,2005-12-01,Gisborne," 1,228 "
24,2006-03-01,Gisborne," 1,241 "
25,2006-06-01,Gisborne," 1,254 "
26,2006-09-01,Gisborne," 1,267 "
27,2006-12-01,Gisborne," 1,279 "
28,2007-03-01,Gisborne," 1,292 "
29,2007-06-01,Gisborne," 1,305 "
30,2007-09-01,Gisborne," 1,318 "
31,2007-12-01,Gisborne," 1,331 "
32,2008-03-01,Gisborne," 1,344 "
33,2008-06-01,Gisborne," 1,357 "
34,2008-09-01,Gisborne," 1,369 "
35,2008-12-01,Gisborne," 1,382 "
36,2009-03-01,Gisborne," 1,395 "
37,2009-06-01,Gisborne," 1,408 "
38,2009-09-01,Gisborne," 1,421 "
39,2009-12-01,Gisborne," 1,434 "
40,2010-03-01,Gisborne," 1,447 "
41,2010-06-01,Gisborne," 1,459 "
42,2010-09-01,Gisborne," 1,472 "
43,2010-12-01,Gisborne," 1,485 "
44,2011-03-01,Gisborne," 1,498 "
45,2011-06-01,Gisborne," 1,511 "
46,2011-09-01,Gisborne," 1,524 "
47,2011-12-01,Gisborne," 1,537 "
48,2012-03-01,Gisborne," 1,549 "
49,2012-06-01,Gisborne," 1,562 "
50,2012-09-01,Gisborne," 1,575 "
51,2012-12-01,Gisborne," 1,588 "
52,2013-03-01,Gisborne," 1,601 "
53,2013-06-01,Gisborne," 1,614 "
54,2013-09-01,Gisborne," 1,626 "
55,2013-12-01,Gisborne," 1,639 "
56,2014-03-01,Gisborne," 1,652 "
57,2014-06-01,Gisborne," 1,665 "
58,2014-09-01,Gisborne," 1,678 "
59,2014-12-01,Gisborne," 1,691 "
60,2015-03-01,Gisborne," 1,704 "
61,2015-06-01,Gisborne," 1,716 "
62,2015-09-01,Gisborne," 1,729 "
63,2015-12-01,Gisborne," 1,742 "
64,2016-03-01,Gisborne," 1,755 "
65,2016-06-01,Gisborne," 1,768 "
66,2016-09-01,Gisborne," 1,781 "
67,2016-12-01,Gisborne," 1,794 "
68,2017-03-01,Gisborne," 1,806 "
69,2017-06-01,Gisborne," 1,819 "
70,2017-09-01,Gisborne," 1,832 "
71,2017-12-01,Gisborne," 1,845 "
72,2018-03-01,Gisborne," 1,858 "
73,2018-06-01,Gisborne," 1,871 "
74,2018-09-01,Gisborne," 1,884 "
75,2018-12-01,Gisborne," 1,896 "
0,2000-03-01,Hawke's Bay," 3,840 "
1,2000-06-01,Hawke's Bay," 3,888 "
2,2000-09-01,Hawke's Bay," 3,935 "
3,2000-12-01,Hawke's Bay," 3,983 "
4,2001-03-01,Hawke's Bay," 4,030 "
5,2001-06-01,Hawke's Bay," 4,078 "
6,2001-09-01,Hawke's Bay," 4,125 "
7,2001-12-01,Hawke's Bay," 4,172 "
8,2002-03-01,Hawke's Bay," 4,220 "
9,2002-06-01,Hawke's Bay," 4,267 "
10,2002-09-01,Hawke's Bay," 4,315 "
11,2002-12-01,Hawke's Bay," 4,362 "
12,2003-03-01,Hawke's Bay," 4,410 "
13,2003-06-01,Hawke's Bay," 4,457 "
14,2003-09-01,Hawke's Bay," 4,505 "
15,2003-12-01,Hawke's Bay," 4,552 "
16,2004-03-01,Hawke's Bay," 4,599 "
17,2004-06-01,Hawke's Bay," 4,647 "
18,2004-09-01,Hawke's Bay," 4,694 "
19,2004-12-01,Hawke's Bay," 4,742 "
20,2005-03-01,Hawke's Bay," 4,789 "
21,2005-06-01,Hawke's Bay," 4,837 "
22,2005-09-01,Hawke's Bay," 4,884 "
23,2005-12-01,Hawke's Bay," 4,932 "
24,2006-03-01,Hawke's Bay," 4,979 "
25,2006-06-01,Hawke's Bay," 5,026 "
26,2006-09-01,Hawke's Bay," 5,074 "
27,2006-12-01,Hawke's Bay," 5,121 "
28,2007-03-01,Hawke's Bay," 5,169 "
29,2007-06-01,Hawke's Bay," 5,216 "
30,2007-09-01,Hawke's Bay," 5,264 "
31,2007-12-01,Hawke's Bay," 5,311 "
32,2008-03-01,Hawke's Bay," 5,359 "
33,2008-06-01,Hawke's Bay," 5,406 "
34,2008-09-01,Hawke's Bay," 5,453 "
35,2008-12-01,Hawke's Bay," 5,501 "
36,2009-03-01,Hawke's Bay," 5,548 "
37,2009-06-01,Hawke's Bay," 5,596 "
38,2009-09-01,Hawke's Bay," 5,643 "
39,2009-12-01,Hawke's Bay," 5,691 "
40,2010-03-01,Hawke's Bay," 5,738 "
41,2010-06-01,Hawke's Bay," 5,786 "
42,2010-09-01,Hawke's Bay," 5,833 "
43,2010-12-01,Hawke's Bay," 5,880 "
44,2011-03-01,Hawke's Bay," 5,928 "
45,2011-06-01,Hawke's Bay," 5,975 "
46,2011-09-01,Hawke's Bay," 6,023 "
47,2011-12-01,Hawke's Bay," 6,070 "
48,2012-03-01,Hawke's Bay," 6,118 "
49,2012-06-01,Hawke's Bay," 6,165 "
50,2012-09-01,Hawke's Bay," 6,213 "
51,2012-12-01,Hawke's Bay," 6,260 "
52,2013-03-01,Hawke's Bay," 6,307 "
53,2013-06-01,Hawke's Bay," 6,355 "
54,2013-09-01,Hawke's Bay," 6,402 "
55,2013-12-01,Hawke's Bay," 6,450 "
56,2014-03-01,Hawke's Bay," 6,497 "
57,2014-06-01,Hawke's Bay," 6,545 "
58,2014-09-01,Hawke's Bay," 6,592 "
59,2014-12-01,Hawke's Bay," 6,640 "
60,2015-03-01,Hawke's Bay," 6,687 "
61,2015-06-01,Hawke's Bay," 6,734 "
62,2015-09-01,Hawke's Bay," 6,782 "
63,2015-12-01,Hawke's Bay," 6,829 "
64,2016-03-01,Hawke's Bay," 6,877 "
65,2016-06-01,Hawke's Bay," 6,924 "
66,2016-09-01,Hawke's Bay," 6,972 "
67,2016-12-01,Hawke's Bay," 7,019 "
68,2017-03-01,Hawke's Bay," 7,067 "
69,2017-06-01,Hawke's Bay," 7,114 "
70,2017-09-01,Hawke's Bay," 7,161 "
71,2017-12-01,Hawke's Bay," 7,209 "
72,2018-03-01,Hawke's Bay," 7,256 "
73,2018-06-01,Hawke's Bay," 7,304 "
74,2018-09-01,Hawke's Bay," 7,351 "
75,2018-12-01,Hawke's Bay," 7,399 "
0,2000-03-01,Manawatu-Wanganui," 5,220 "
1,2000-06-01,Manawatu-Wanganui," 5,290 "
2,2000-09-01,Manawatu-Wanganui," 5,360 "
3,2000-12-01,Manawatu-Wanganui," 5,431 "
4,2001-03-01,Manawatu-Wanganui," 5,501 "
5,2001-06-01,Manawatu-Wanganui," 5,572 "
6,2001-09-01,Manawatu-Wanganui," 5,642 "
7,2001-12-01,Manawatu-Wanganui," 5,713 "
8,2002-03-01,Manawatu-Wanganui," 5,783 "
9,2002-06-01,Manawatu-Wanganui," 5,854 "
10,2002-09-01,Manawatu-Wanganui," 5,924 "
11,2002-12-01,Manawatu-Wanganui," 5,994 "
12,2003-03-01,Manawatu-Wanganui," 6,065 "
13,2003-06-01,Manawatu-Wanganui," 6,135 "
14,2003-09-01,Manawatu-Wanganui," 6,206 "
15,2003-12-01,Manawatu-Wanganui," 6,276 "
16,2004-03-01,Manawatu-Wanganui," 6,347 "
17,2004-06-01,Manawatu-Wanganui," 6,417 "
18,2004-09-01,Manawatu-Wanganui," 6,488 "
19,2004-12-01,Manawatu-Wanganui," 6,558 "
20,2005-03-01,Manawatu-Wanganui," 6,629 "
21,2005-06-01,Manawatu-Wanganui," 6,699 "
22,2005-09-01,Manawatu-Wanganui," 6,769 "
23,2005-12-01,Manawatu-Wanganui," 6,840 "
24,2006-03-01,Manawatu-Wanganui," 6,910 "
25,2006-06-01,Manawatu-Wanganui," 6,981 "
26,2006-09-01,Manawatu-Wanganui," 7,051 "
27,2006-12-01,Manawatu-Wanganui," 7,122 "
28,2007-03-01,Manawatu-Wanganui," 7,192 "
29,2007-06-01,Manawatu-Wanganui," 7,263 "
30,2007-09-01,Manawatu-Wanganui," 7,333 "
31,2007-12-01,Manawatu-Wanganui," 7,403 "
32,2008-03-01,Manawatu-Wanganui," 7,474 "
33,2008-06-01,Manawatu-Wanganui," 7,544 "
34,2008-09-01,Manawatu-Wanganui," 7,615 "
35,2008-12-01,Manawatu-Wanganui," 7,685 "
36,2009-03-01,Manawatu-Wanganui," 7,756 "
37,2009-06-01,Manawatu-Wanganui," 7,826 "
38,2009-09-01,Manawatu-Wanganui," 7,897 "
39,2009-12-01,Manawatu-Wanganui," 7,967 "
40,2010-03-01,Manawatu-Wanganui," 8,037 "
41,2010-06-01,Manawatu-Wanganui," 8,108 "
42,2010-09-01,Manawatu-Wanganui," 8,178 "
43,2010-12-01,Manawatu-Wanganui," 8,249 "
44,2011-03-01,Manawatu-Wanganui," 8,319 "
45,2011-06-01,Manawatu-Wanganui," 8,390 "
46,2011-09-01,Manawatu-Wanganui," 8,460 "
47,2011-12-01,Manawatu-Wanganui," 8,531 "
48,2012-03-01,Manawatu-Wanganui," 8,601 "
49,2012-06-01,Manawatu-Wanganui," 8,671 "
50,2012-09-01,Manawatu-Wanganui," 8,742 "
51,2012-12-01,Manawatu-Wanganui," 8,812 "
52,2013-03-01,Manawatu-Wanganui," 8,883 "
53,2013-06-01,Manawatu-Wanganui," 8,953 "
54,2013-09-01,Manawatu-Wanganui," 9,024 "
55,2013-12-01,Manawatu-Wanganui," 9,094 "
56,2014-03-01,Manawatu-Wanganui," 9,165 "
57,2014-06-01,Manawatu-Wanganui," 9,235 "
58,2014-09-01,Manawatu-Wanganui," 9,306 "
59,2014-12-01,Manawatu-Wanganui," 9,376 "
60,2015-03-01,Manawatu-Wanganui," 9,446 "
61,2015-06-01,Manawatu-Wanganui," 9,517 "
62,2015-09-01,Manawatu-Wanganui," 9,587 "
63,2015-12-01,Manawatu-Wanganui," 9,658 "
64,2016-03-01,Manawatu-Wanganui," 9,728 "
65,2016-06-01,Manawatu-Wanganui," 9,799 "
66,2016-09-01,Manawatu-Wanganui," 9,869 "
67,2016-12-01,Manawatu-Wanganui," 9,940 "
68,2017-03-01,Manawatu-Wanganui," 10,010 "
69,2017-06-01,Manawatu-Wanganui," 10,080 "
70,2017-09-01,Manawatu-Wanganui," 10,151 "
71,2017-12-01,Manawatu-Wanganui," 10,221 "
72,2018-03-01,Manawatu-Wanganui," 10,292 "
73,2018-06-01,Manawatu-Wanganui," 10,362 "
74,2018-09-01,Manawatu-Wanganui," 10,433 "
75,2018-12-01,Manawatu-Wanganui," 10,503 "
0,2000-03-01,Marlborough, 993 
1,2000-06-01,Marlborough," 1,018 "
2,2000-09-01,Marlborough," 1,042 "
3,2000-12-01,Marlborough," 1,067 "
4,2001-03-01,Marlborough," 1,092 "
5,2001-06-01,Marlborough," 1,116 "
6,2001-09-01,Marlborough," 1,141 "
7,2001-12-01,Marlborough," 1,166 "
8,2002-03-01,Marlborough," 1,190 "
9,2002-06-01,Marlborough," 1,215 "
10,2002-09-01,Marlborough," 1,240 "
11,2002-12-01,Marlborough," 1,264 "
12,2003-03-01,Marlborough," 1,289 "
13,2003-06-01,Marlborough," 1,314 "
14,2003-09-01,Marlborough," 1,338 "
15,2003-12-01,Marlborough," 1,363 "
16,2004-03-01,Marlborough," 1,388 "
17,2004-06-01,Marlborough," 1,412 "
18,2004-09-01,Marlborough," 1,437 "
19,2004-12-01,Marlborough," 1,462 "
20,2005-03-01,Marlborough," 1,486 "
21,2005-06-01,Marlborough," 1,511 "
22,2005-09-01,Marlborough," 1,536 "
23,2005-12-01,Marlborough," 1,560 "
24,2006-03-01,Marlborough," 1,585 "
25,2006-06-01,Marlborough," 1,610 "
26,2006-09-01,Marlborough," 1,634 "
27,2006-12-01,Marlborough," 1,659 "
28,2007-03-01,Marlborough," 1,684 "
29,2007-06-01,Marlborough," 1,708 "
30,2007-09-01,Marlborough," 1,733 "
31,2007-12-01,Marlborough," 1,758 "
32,2008-03-01,Marlborough," 1,782 "
33,2008-06-01,Marlborough," 1,807 "
34,2008-09-01,Marlborough," 1,832 "
35,2008-12-01,Marlborough," 1,856 "
36,2009-03-01,Marlborough," 1,881 "
37,2009-06-01,Marlborough," 1,906 "
38,2009-09-01,Marlborough," 1,930 "
39,2009-12-01,Marlborough," 1,955 "
40,2010-03-01,Marlborough," 1,980 "
41,2010-06-01,Marlborough," 2,004 "
42,2010-09-01,Marlborough," 2,029 "
43,2010-12-01,Marlborough," 2,054 "
44,2011-03-01,Marlborough," 2,078 "
45,2011-06-01,Marlborough," 2,103 "
46,2011-09-01,Marlborough," 2,128 "
47,2011-12-01,Marlborough," 2,152 "
48,2012-03-01,Marlborough," 2,177 "
49,2012-06-01,Marlborough," 2,202 "
50,2012-09-01,Marlborough," 2,226 "
51,2012-12-01,Marlborough," 2,251 "
52,2013-03-01,Marlborough," 2,276 "
53,2013-06-01,Marlborough," 2,300 "
54,2013-09-01,Marlborough," 2,325 "
55,2013-12-01,Marlborough," 2,350 "
56,2014-03-01,Marlborough," 2,374 "
57,2014-06-01,Marlborough," 2,399 "
58,2014-09-01,Marlborough," 2,424 "
59,2014-12-01,Marlborough," 2,448 "
60,2015-03-01,Marlborough," 2,473 "
61,2015-06-01,Marlborough," 2,498 "
62,2015-09-01,Marlborough," 2,522 "
63,2015-12-01,Marlborough," 2,547 "
64,2016-03-01,Marlborough," 2,572 "
65,2016-06-01,Marlborough," 2,596 "
66,2016-09-01,Marlborough," 2,621 "
67,2016-12-01,Marlborough," 2,646 "
68,2017-03-01,Marlborough," 2,670 "
69,2017-06-01,Marlborough," 2,695 "
70,2017-09-01,Marlborough," 2,720 "
71,2017-12-01,Marlborough," 2,744 "
72,2018-03-01,Marlborough," 2,769 "
73,2018-06-01,Marlborough," 2,794 "
74,2018-09-01,Marlborough," 2,818 "
75,2018-12-01,Marlborough," 2,843 "
0,2000-03-01,Northland," 2,961 "
1,2000-06-01,Northland," 3,012 "
2,2000-09-01,Northland," 3,064 "
3,2000-12-01,Northland," 3,115 "
4,2001-03-01,Northland," 3,166 "
5,2001-06-01,Northland," 3,217 "
6,2001-09-01,Northland," 3,268 "
7,2001-12-01,Northland," 3,319 "
8,2002-03-01,Northland," 3,370 "
9,2002-06-01,Northland," 3,422 "
10,2002-09-01,Northland," 3,473 "
11,2002-12-01,Northland," 3,524 "
12,2003-03-01,Northland," 3,575 "
13,2003-06-01,Northland," 3,626 "
14,2003-09-01,Northland," 3,677 "
15,2003-12-01,Northland," 3,729 "
16,2004-03-01,Northland," 3,780 "
17,2004-06-01,Northland," 3,831 "
18,2004-09-01,Northland," 3,882 "
19,2004-12-01,Northland," 3,933 "
20,2005-03-01,Northland," 3,984 "
21,2005-06-01,Northland," 4,036 "
22,2005-09-01,Northland," 4,087 "
23,2005-12-01,Northland," 4,138 "
24,2006-03-01,Northland," 4,189 "
25,2006-06-01,Northland," 4,240 "
26,2006-09-01,Northland," 4,291 "
27,2006-12-01,Northland," 4,342 "
28,2007-03-01,Northland," 4,394 "
29,2007-06-01,Northland," 4,445 "
30,2007-09-01,Northland," 4,496 "
31,2007-12-01,Northland," 4,547 "
32,2008-03-01,Northland," 4,598 "
33,2008-06-01,Northland," 4,649 "
34,2008-09-01,Northland," 4,701 "
35,2008-12-01,Northland," 4,752 "
36,2009-03-01,Northland," 4,803 "
37,2009-06-01,Northland," 4,854 "
38,2009-09-01,Northland," 4,905 "
39,2009-12-01,Northland," 4,956 "
40,2010-03-01,Northland," 5,007 "
41,2010-06-01,Northland," 5,059 "
42,2010-09-01,Northland," 5,110 "
43,2010-12-01,Northland," 5,161 "
44,2011-03-01,Northland," 5,212 "
45,2011-06-01,Northland," 5,263 "
46,2011-09-01,Northland," 5,314 "
47,2011-12-01,Northland," 5,366 "
48,2012-03-01,Northland," 5,417 "
49,2012-06-01,Northland," 5,468 "
50,2012-09-01,Northland," 5,519 "
51,2012-12-01,Northland," 5,570 "
52,2013-03-01,Northland," 5,621 "
53,2013-06-01,Northland," 5,673 "
54,2013-09-01,Northland," 5,724 "
55,2013-12-01,Northland," 5,775 "
56,2014-03-01,Northland," 5,826 "
57,2014-06-01,Northland," 5,877 "
58,2014-09-01,Northland," 5,928 "
59,2014-12-01,Northland," 5,979 "
60,2015-03-01,Northland," 6,031 "
61,2015-06-01,Northland," 6,082 "
62,2015-09-01,Northland," 6,133 "
63,2015-12-01,Northland," 6,184 "
64,2016-03-01,Northland," 6,235 "
65,2016-06-01,Northland," 6,286 "
66,2016-09-01,Northland," 6,338 "
67,2016-12-01,Northland," 6,389 "
68,2017-03-01,Northland," 6,440 "
69,2017-06-01,Northland," 6,491 "
70,2017-09-01,Northland," 6,542 "
71,2017-12-01,Northland," 6,593 "
72,2018-03-01,Northland," 6,645 "
73,2018-06-01,Northland," 6,696 "
74,2018-09-01,Northland," 6,747 "
75,2018-12-01,Northland," 6,798 "
0,2000-03-01,Otago," 4,661 "
1,2000-06-01,Otago," 4,755 "
2,2000-09-01,Otago," 4,849 "
3,2000-12-01,Otago," 4,943 "
4,2001-03-01,Otago," 5,037 "
5,2001-06-01,Otago," 5,131 "
6,2001-09-01,Otago," 5,225 "
7,2001-12-01,Otago," 5,319 "
8,2002-03-01,Otago," 5,413 "
9,2002-06-01,Otago," 5,507 "
10,2002-09-01,Otago," 5,601 "
11,2002-12-01,Otago," 5,695 "
12,2003-03-01,Otago," 5,789 "
13,2003-06-01,Otago," 5,883 "
14,2003-09-01,Otago," 5,976 "
15,2003-12-01,Otago," 6,070 "
16,2004-03-01,Otago," 6,164 "
17,2004-06-01,Otago," 6,258 "
18,2004-09-01,Otago," 6,352 "
19,2004-12-01,Otago," 6,446 "
20,2005-03-01,Otago," 6,540 "
21,2005-06-01,Otago," 6,634 "
22,2005-09-01,Otago," 6,728 "
23,2005-12-01,Otago," 6,822 "
24,2006-03-01,Otago," 6,916 "
25,2006-06-01,Otago," 7,010 "
26,2006-09-01,Otago," 7,104 "
27,2006-12-01,Otago," 7,198 "
28,2007-03-01,Otago," 7,292 "
29,2007-06-01,Otago," 7,386 "
30,2007-09-01,Otago," 7,480 "
31,2007-12-01,Otago," 7,574 "
32,2008-03-01,Otago," 7,668 "
33,2008-06-01,Otago," 7,762 "
34,2008-09-01,Otago," 7,856 "
35,2008-12-01,Otago," 7,950 "
36,2009-03-01,Otago," 8,044 "
37,2009-06-01,Otago," 8,138 "
38,2009-09-01,Otago," 8,232 "
39,2009-12-01,Otago," 8,326 "
40,2010-03-01,Otago," 8,420 "
41,2010-06-01,Otago," 8,513 "
42,2010-09-01,Otago," 8,607 "
43,2010-12-01,Otago," 8,701 "
44,2011-03-01,Otago," 8,795 "
45,2011-06-01,Otago," 8,889 "
46,2011-09-01,Otago," 8,983 "
47,2011-12-01,Otago," 9,077 "
48,2012-03-01,Otago," 9,171 "
49,2012-06-01,Otago," 9,265 "
50,2012-09-01,Otago," 9,359 "
51,2012-12-01,Otago," 9,453 "
52,2013-03-01,Otago," 9,547 "
53,2013-06-01,Otago," 9,641 "
54,2013-09-01,Otago," 9,735 "
55,2013-12-01,Otago," 9,829 "
56,2014-03-01,Otago," 9,923 "
57,2014-06-01,Otago," 10,017 "
58,2014-09-01,Otago," 10,111 "
59,2014-12-01,Otago," 10,205 "
60,2015-03-01,Otago," 10,299 "
61,2015-06-01,Otago," 10,393 "
62,2015-09-01,Otago," 10,487 "
63,2015-12-01,Otago," 10,581 "
64,2016-03-01,Otago," 10,675 "
65,2016-06-01,Otago," 10,769 "
66,2016-09-01,Otago," 10,863 "
67,2016-12-01,Otago," 10,957 "
68,2017-03-01,Otago," 11,051 "
69,2017-06-01,Otago," 11,144 "
70,2017-09-01,Otago," 11,238 "
71,2017-12-01,Otago," 11,332 "
72,2018-03-01,Otago," 11,426 "
73,2018-06-01,Otago," 11,520 "
74,2018-09-01,Otago," 11,614 "
75,2018-12-01,Otago," 11,708 "
0,2000-03-01,Southland," 2,598 "
1,2000-06-01,Southland," 2,644 "
2,2000-09-01,Southland," 2,690 "
3,2000-12-01,Southland," 2,735 "
4,2001-03-01,Southland," 2,781 "
5,2001-06-01,Southland," 2,827 "
6,2001-09-01,Southland," 2,873 "
7,2001-12-01,Southland," 2,918 "
8,2002-03-01,Southland," 2,964 "
9,2002-06-01,Southland," 3,010 "
10,2002-09-01,Southland," 3,055 "
11,2002-12-01,Southland," 3,101 "
12,2003-03-01,Southland," 3,147 "
13,2003-06-01,Southland," 3,192 "
14,2003-09-01,Southland," 3,238 "
15,2003-12-01,Southland," 3,284 "
16,2004-03-01,Southland," 3,329 "
17,2004-06-01,Southland," 3,375 "
18,2004-09-01,Southland," 3,421 "
19,2004-12-01,Southland," 3,467 "
20,2005-03-01,Southland," 3,512 "
21,2005-06-01,Southland," 3,558 "
22,2005-09-01,Southland," 3,604 "
23,2005-12-01,Southland," 3,649 "
24,2006-03-01,Southland," 3,695 "
25,2006-06-01,Southland," 3,741 "
26,2006-09-01,Southland," 3,786 "
27,2006-12-01,Southland," 3,832 "
28,2007-03-01,Southland," 3,878 "
29,2007-06-01,Southland," 3,923 "
30,2007-09-01,Southland," 3,969 "
31,2007-12-01,Southland," 4,015 "
32,2008-03-01,Southland," 4,060 "
33,2008-06-01,Southland," 4,106 "
34,2008-09-01,Southland," 4,152 "
35,2008-12-01,Southland," 4,198 "
36,2009-03-01,Southland," 4,243 "
37,2009-06-01,Southland," 4,289 "
38,2009-09-01,Southland," 4,335 "
39,2009-12-01,Southland," 4,380 "
40,2010-03-01,Southland," 4,426 "
41,2010-06-01,Southland," 4,472 "
42,2010-09-01,Southland," 4,517 "
43,2010-12-01,Southland," 4,563 "
44,2011-03-01,Southland," 4,609 "
45,2011-06-01,Southland," 4,654 "
46,2011-09-01,Southland," 4,700 "
47,2011-12-01,Southland," 4,746 "
48,2012-03-01,Southland," 4,792 "
49,2012-06-01,Southland," 4,837 "
50,2012-09-01,Southland," 4,883 "
51,2012-12-01,Southland," 4,929 "
52,2013-03-01,Southland," 4,974 "
53,2013-06-01,Southland," 5,020 "
54,2013-09-01,Southland," 5,066 "
55,2013-12-01,Southland," 5,111 "
56,2014-03-01,Southland," 5,157 "
57,2014-06-01,Southland," 5,203 "
58,2014-09-01,Southland," 5,248 "
59,2014-12-01,Southland," 5,294 "
60,2015-03-01,Southland," 5,340 "
61,2015-06-01,Southland," 5,385 "
62,2015-09-01,Southland," 5,431 "
63,2015-12-01,Southland," 5,477 "
64,2016-03-01,Southland," 5,523 "
65,2016-06-01,Southland," 5,568 "
66,2016-09-01,Southland," 5,614 "
67,2016-12-01,Southland," 5,660 "
68,2017-03-01,Southland," 5,705 "
69,2017-06-01,Southland," 5,751 "
70,2017-09-01,Southland," 5,797 "
71,2017-12-01,Southland," 5,842 "
72,2018-03-01,Southland," 5,888 "
73,2018-06-01,Southland," 5,934 "
74,2018-09-01,Southland," 5,979 "
75,2018-12-01,Southland," 6,025 "
0,2000-03-01,Waikato," 9,384 "
1,2000-06-01,Waikato," 9,567 "
2,2000-09-01,Waikato," 9,750 "
3,2000-12-01,Waikato," 9,933 "
4,2001-03-01,Waikato," 10,116 "
5,2001-06-01,Waikato," 10,299 "
6,2001-09-01,Waikato," 10,482 "
7,2001-12-01,Waikato," 10,665 "
8,2002-03-01,Waikato," 10,848 "
9,2002-06-01,Waikato," 11,031 "
10,2002-09-01,Waikato," 11,214 "
11,2002-12-01,Waikato," 11,397 "
12,2003-03-01,Waikato," 11,580 "
13,2003-06-01,Waikato," 11,763 "
14,2003-09-01,Waikato," 11,946 "
15,2003-12-01,Waikato," 12,129 "
16,2004-03-01,Waikato," 12,312 "
17,2004-06-01,Waikato," 12,495 "
18,2004-09-01,Waikato," 12,678 "
19,2004-12-01,Waikato," 12,861 "
20,2005-03-01,Waikato," 13,045 "
21,2005-06-01,Waikato," 13,228 "
22,2005-09-01,Waikato," 13,411 "
23,2005-12-01,Waikato," 13,594 "
24,2006-03-01,Waikato," 13,777 "
25,2006-06-01,Waikato," 13,960 "
26,2006-09-01,Waikato," 14,143 "
27,2006-12-01,Waikato," 14,326 "
28,2007-03-01,Waikato," 14,509 "
29,2007-06-01,Waikato," 14,692 "
30,2007-09-01,Waikato," 14,875 "
31,2007-12-01,Waikato," 15,058 "
32,2008-03-01,Waikato," 15,241 "
33,2008-06-01,Waikato," 15,424 "
34,2008-09-01,Waikato," 15,607 "
35,2008-12-01,Waikato," 15,790 "
36,2009-03-01,Waikato," 15,973 "
37,2009-06-01,Waikato," 16,156 "
38,2009-09-01,Waikato," 16,339 "
39,2009-12-01,Waikato," 16,522 "
40,2010-03-01,Waikato," 16,705 "
41,2010-06-01,Waikato," 16,888 "
42,2010-09-01,Waikato," 17,071 "
43,2010-12-01,Waikato," 17,254 "
44,2011-03-01,Waikato," 17,437 "
45,2011-06-01,Waikato," 17,621 "
46,2011-09-01,Waikato," 17,804 "
47,2011-12-01,Waikato," 17,987 "
48,2012-03-01,Waikato," 18,170 "
49,2012-06-01,Waikato," 18,353 "
50,2012-09-01,Waikato," 18,536 "
51,2012-12-01,Waikato," 18,719 "
52,2013-03-01,Waikato," 18,902 "
53,2013-06-01,Waikato," 19,085 "
54,2013-09-01,Waikato," 19,268 "
55,2013-12-01,Waikato," 19,451 "
56,2014-03-01,Waikato," 19,634 "
57,2014-06-01,Waikato," 19,817 "
58,2014-09-01,Waikato," 20,000 "
59,2014-12-01,Waikato," 20,183 "
60,2015-03-01,Waikato," 20,366 "
61,2015-06-01,Waikato," 20,549 "
62,2015-09-01,Waikato," 20,732 "
63,2015-12-01,Waikato," 20,915 "
64,2016-03-01,Waikato," 21,098 "
65,2016-06-01,Waikato," 21,281 "
66,2016-09-01,Waikato," 21,464 "
67,2016-12-01,Waikato," 21,647 "
68,2017-03-01,Waikato," 21,830 "
69,2017-06-01,Waikato," 22,014 "
70,2017-09-01,Waikato," 22,197 "
71,2017-12-01,Waikato," 22,380 "
72,2018-03-01,Waikato," 22,563 "
73,2018-06-01,Waikato," 22,746 "
74,2018-09-01,Waikato," 22,929 "
75,2018-12-01,Waikato," 23,112 "
0,2000-03-01,Taranaki," 3,861 "
1,2000-06-01,Taranaki," 3,953 "
2,2000-09-01,Taranaki," 4,045 "
3,2000-12-01,Taranaki," 4,137 "
4,2001-03-01,Taranaki," 4,229 "
5,2001-06-01,Taranaki," 4,321 "
6,2001-09-01,Taranaki," 4,413 "
7,2001-12-01,Taranaki," 4,505 "
8,2002-03-01,Taranaki," 4,597 "
9,2002-06-01,Taranaki," 4,689 "
10,2002-09-01,Taranaki," 4,782 "
11,2002-12-01,Taranaki," 4,874 "
12,2003-03-01,Taranaki," 4,966 "
13,2003-06-01,Taranaki," 5,058 "
14,2003-09-01,Taranaki," 5,150 "
15,2003-12-01,Taranaki," 5,242 "
16,2004-03-01,Taranaki," 5,334 "
17,2004-06-01,Taranaki," 5,426 "
18,2004-09-01,Taranaki," 5,518 "
19,2004-12-01,Taranaki," 5,610 "
20,2005-03-01,Taranaki," 5,702 "
21,2005-06-01,Taranaki," 5,794 "
22,2005-09-01,Taranaki," 5,886 "
23,2005-12-01,Taranaki," 5,978 "
24,2006-03-01,Taranaki," 6,070 "
25,2006-06-01,Taranaki," 6,162 "
26,2006-09-01,Taranaki," 6,254 "
27,2006-12-01,Taranaki," 6,346 "
28,2007-03-01,Taranaki," 6,438 "
29,2007-06-01,Taranaki," 6,530 "
30,2007-09-01,Taranaki," 6,622 "
31,2007-12-01,Taranaki," 6,714 "
32,2008-03-01,Taranaki," 6,806 "
33,2008-06-01,Taranaki," 6,899 "
34,2008-09-01,Taranaki," 6,991 "
35,2008-12-01,Taranaki," 7,083 "
36,2009-03-01,Taranaki," 7,175 "
37,2009-06-01,Taranaki," 7,267 "
38,2009-09-01,Taranaki," 7,359 "
39,2009-12-01,Taranaki," 7,451 "
40,2010-03-01,Taranaki," 7,543 "
41,2010-06-01,Taranaki," 7,635 "
42,2010-09-01,Taranaki," 7,727 "
43,2010-12-01,Taranaki," 7,819 "
44,2011-03-01,Taranaki," 7,911 "
45,2011-06-01,Taranaki," 8,003 "
46,2011-09-01,Taranaki," 8,095 "
47,2011-12-01,Taranaki," 8,187 "
48,2012-03-01,Taranaki," 8,279 "
49,2012-06-01,Taranaki," 8,371 "
50,2012-09-01,Taranaki," 8,463 "
51,2012-12-01,Taranaki," 8,555 "
52,2013-03-01,Taranaki," 8,647 "
53,2013-06-01,Taranaki," 8,739 "
54,2013-09-01,Taranaki," 8,831 "
55,2013-12-01,Taranaki," 8,923 "
56,2014-03-01,Taranaki," 9,015 "
57,2014-06-01,Taranaki," 9,108 "
58,2014-09-01,Taranaki," 9,200 "
59,2014-12-01,Taranaki," 9,292 "
60,2015-03-01,Taranaki," 9,384 "
61,2015-06-01,Taranaki," 9,476 "
62,2015-09-01,Taranaki," 9,568 "
63,2015-12-01,Taranaki," 9,660 "
64,2016-03-01,Taranaki," 9,752 "
65,2016-06-01,Taranaki," 9,844 "
66,2016-09-01,Taranaki," 9,936 "
67,2016-12-01,Taranaki," 10,028 "
68,2017-03-01,Taranaki," 10,120 "
69,2017-06-01,Taranaki," 10,212 "
70,2017-09-01,Taranaki," 10,304 "
71,2017-12-01,Taranaki," 10,396 "
72,2018-03-01,Taranaki," 10,488 "
73,2018-06-01,Taranaki," 10,580 "
74,2018-09-01,Taranaki," 10,672 "
75,2018-12-01,Taranaki," 10,764 "
0,2000-03-01,Tasman," 2,062 "
1,2000-06-01,Tasman," 2,099 "
2,2000-09-01,Tasman," 2,135 "
3,2000-12-01,Tasman," 2,172 "
4,2001-03-01,Tasman," 2,209 "
5,2001-06-01,Tasman," 2,246 "
6,2001-09-01,Tasman," 2,282 "
7,2001-12-01,Tasman," 2,319 "
8,2002-03-01,Tasman," 2,356 "
9,2002-06-01,Tasman," 2,393 "
10,2002-09-01,Tasman," 2,429 "
11,2002-12-01,Tasman," 2,466 "
12,2003-03-01,Tasman," 2,503 "
13,2003-06-01,Tasman," 2,540 "
14,2003-09-01,Tasman," 2,576 "
15,2003-12-01,Tasman," 2,613 "
16,2004-03-01,Tasman," 2,650 "
17,2004-06-01,Tasman," 2,687 "
18,2004-09-01,Tasman," 2,723 "
19,2004-12-01,Tasman," 2,760 "
20,2005-03-01,Tasman," 2,797 "
21,2005-06-01,Tasman," 2,833 "
22,2005-09-01,Tasman," 2,870 "
23,2005-12-01,Tasman," 2,907 "
24,2006-03-01,Tasman," 2,944 "
25,2006-06-01,Tasman," 2,980 "
26,2006-09-01,Tasman," 3,017 "
27,2006-12-01,Tasman," 3,054 "
28,2007-03-01,Tasman," 3,091 "
29,2007-06-01,Tasman," 3,127 "
30,2007-09-01,Tasman," 3,164 "
31,2007-12-01,Tasman," 3,201 "
32,2008-03-01,Tasman," 3,238 "
33,2008-06-01,Tasman," 3,274 "
34,2008-09-01,Tasman," 3,311 "
35,2008-12-01,Tasman," 3,348 "
36,2009-03-01,Tasman," 3,385 "
37,2009-06-01,Tasman," 3,421 "
38,2009-09-01,Tasman," 3,458 "
39,2009-12-01,Tasman," 3,495 "
40,2010-03-01,Tasman," 3,532 "
41,2010-06-01,Tasman," 3,568 "
42,2010-09-01,Tasman," 3,605 "
43,2010-12-01,Tasman," 3,642 "
44,2011-03-01,Tasman," 3,679 "
45,2011-06-01,Tasman," 3,715 "
46,2011-09-01,Tasman," 3,752 "
47,2011-12-01,Tasman," 3,789 "
48,2012-03-01,Tasman," 3,826 "
49,2012-06-01,Tasman," 3,862 "
50,2012-09-01,Tasman," 3,899 "
51,2012-12-01,Tasman," 3,936 "
52,2013-03-01,Tasman," 3,972 "
53,2013-06-01,Tasman," 4,009 "
54,2013-09-01,Tasman," 4,046 "
55,2013-12-01,Tasman," 4,083 "
56,2014-03-01,Tasman," 4,119 "
57,2014-06-01,Tasman," 4,156 "
58,2014-09-01,Tasman," 4,193 "
59,2014-12-01,Tasman," 4,230 "
60,2015-03-01,Tasman," 4,266 "
61,2015-06-01,Tasman," 4,303 "
62,2015-09-01,Tasman," 4,340 "
63,2015-12-01,Tasman," 4,377 "
64,2016-03-01,Tasman," 4,413 "
65,2016-06-01,Tasman," 4,450 "
66,2016-09-01,Tasman," 4,487 "
67,2016-12-01,Tasman," 4,524 "
68,2017-03-01,Tasman," 4,560 "
69,2017-06-01,Tasman," 4,597 "
70,2017-09-01,Tasman," 4,634 "
71,2017-12-01,Tasman," 4,671 "
72,2018-03-01,Tasman," 4,707 "
73,2018-06-01,Tasman," 4,744 "
74,2018-09-01,Tasman," 4,781 "
75,2018-12-01,Tasman," 4,818 "
0,2000-03-01,Nelson," 2,062 "
1,2000-06-01,Nelson," 2,099 "
2,2000-09-01,Nelson," 2,135 "
3,2000-12-01,Nelson," 2,172 "
4,2001-03-01,Nelson," 2,209 "
5,2001-06-01,Nelson," 2,246 "
6,2001-09-01,Nelson," 2,282 "
7,2001-12-01,Nelson," 2,319 "
8,2002-03-01,Nelson," 2,356 "
9,2002-06-01,Nelson," 2,393 "
10,2002-09-01,Nelson," 2,429 "
11,2002-12-01,Nelson," 2,466 "
12,2003-03-01,Nelson," 2,503 "
13,2003-06-01,Nelson," 2,540 "
14,2003-09-01,Nelson," 2,576 "
15,2003-12-01,Nelson," 2,613 "
16,2004-03-01,Nelson," 2,650 "
17,2004-06-01,Nelson," 2,687 "
18,2004-09-01,Nelson," 2,723 "
19,2004-12-01,Nelson," 2,760 "
20,2005-03-01,Nelson," 2,797 "
21,2005-06-01,Nelson," 2,833 "
22,2005-09-01,Nelson," 2,870 "
23,2005-12-01,Nelson," 2,907 "
24,2006-03-01,Nelson," 2,944 "
25,2006-06-01,Nelson," 2,980 "
26,2006-09-01,Nelson," 3,017 "
27,2006-12-01,Nelson," 3,054 "
28,2007-03-01,Nelson," 3,091 "
29,2007-06-01,Nelson," 3,127 "
30,2007-09-01,Nelson," 3,164 "
31,2007-12-01,Nelson," 3,201 "
32,2008-03-01,Nelson," 3,238 "
33,2008-06-01,Nelson," 3,274 "
34,2008-09-01,Nelson," 3,311 "
35,2008-12-01,Nelson," 3,348 "
36,2009-03-01,Nelson," 3,385 "
37,2009-06-01,Nelson," 3,421 "
38,2009-09-01,Nelson," 3,458 "
39,2009-12-01,Nelson," 3,495 "
40,2010-03-01,Nelson," 3,532 "
41,2010-06-01,Nelson," 3,568 "
42,2010-09-01,Nelson," 3,605 "
43,2010-12-01,Nelson," 3,642 "
44,2011-03-01,Nelson," 3,679 "
45,2011-06-01,Nelson," 3,715 "
46,2011-09-01,Nelson," 3,752 "
47,2011-12-01,Nelson," 3,789 "
48,2012-03-01,Nelson," 3,826 "
49,2012-06-01,Nelson," 3,862 "
50,2012-09-01,Nelson," 3,899 "
51,2012-12-01,Nelson," 3,936 "
52,2013-03-01,Nelson," 3,972 "
53,2013-06-01,Nelson," 4,009 "
54,2013-09-01,Nelson," 4,046 "
55,2013-12-01,Nelson," 4,083 "
56,2014-03-01,Nelson," 4,119 "
57,2014-06-01,Nelson," 4,156 "
58,2014-09-01,Nelson," 4,193 "
59,2014-12-01,Nelson," 4,230 "
60,2015-03-01,Nelson," 4,266 "
61,2015-06-01,Nelson," 4,303 "
62,2015-09-01,Nelson," 4,340 "
63,2015-12-01,Nelson," 4,377 "
64,2016-03-01,Nelson," 4,413 "
65,2016-06-01,Nelson," 4,450 "
66,2016-09-01,Nelson," 4,487 "
67,2016-12-01,Nelson," 4,524 "
68,2017-03-01,Nelson," 4,560 "
69,2017-06-01,Nelson," 4,597 "
70,2017-09-01,Nelson," 4,634 "
71,2017-12-01,Nelson," 4,671 "
72,2018-03-01,Nelson," 4,707 "
73,2018-06-01,Nelson," 4,744 "
74,2018-09-01,Nelson," 4,781 "
75,2018-12-01,Nelson," 4,818 "
0,2000-03-01,Wellington," 16,457 "
1,2000-06-01,Wellington," 16,727 "
2,2000-09-01,Wellington," 16,996 "
3,2000-12-01,Wellington," 17,265 "
4,2001-03-01,Wellington," 17,534 "
5,2001-06-01,Wellington," 17,804 "
6,2001-09-01,Wellington," 18,073 "
7,2001-12-01,Wellington," 18,342 "
8,2002-03-01,Wellington," 18,612 "
9,2002-06-01,Wellington," 18,881 "
10,2002-09-01,Wellington," 19,150 "
11,2002-12-01,Wellington," 19,419 "
12,2003-03-01,Wellington," 19,689 "
13,2003-06-01,Wellington," 19,958 "
14,2003-09-01,Wellington," 20,227 "
15,2003-12-01,Wellington," 20,497 "
16,2004-03-01,Wellington," 20,766 "
17,2004-06-01,Wellington," 21,035 "
18,2004-09-01,Wellington," 21,304 "
19,2004-12-01,Wellington," 21,574 "
20,2005-03-01,Wellington," 21,843 "
21,2005-06-01,Wellington," 22,112 "
22,2005-09-01,Wellington," 22,382 "
23,2005-12-01,Wellington," 22,651 "
24,2006-03-01,Wellington," 22,920 "
25,2006-06-01,Wellington," 23,189 "
26,2006-09-01,Wellington," 23,459 "
27,2006-12-01,Wellington," 23,728 "
28,2007-03-01,Wellington," 23,997 "
29,2007-06-01,Wellington," 24,267 "
30,2007-09-01,Wellington," 24,536 "
31,2007-12-01,Wellington," 24,805 "
32,2008-03-01,Wellington," 25,074 "
33,2008-06-01,Wellington," 25,344 "
34,2008-09-01,Wellington," 25,613 "
35,2008-12-01,Wellington," 25,882 "
36,2009-03-01,Wellington," 26,152 "
37,2009-06-01,Wellington," 26,421 "
38,2009-09-01,Wellington," 26,690 "
39,2009-12-01,Wellington," 26,959 "
40,2010-03-01,Wellington," 27,229 "
41,2010-06-01,Wellington," 27,498 "
42,2010-09-01,Wellington," 27,767 "
43,2010-12-01,Wellington," 28,037 "
44,2011-03-01,Wellington," 28,306 "
45,2011-06-01,Wellington," 28,575 "
46,2011-09-01,Wellington," 28,844 "
47,2011-12-01,Wellington," 29,114 "
48,2012-03-01,Wellington," 29,383 "
49,2012-06-01,Wellington," 29,652 "
50,2012-09-01,Wellington," 29,922 "
51,2012-12-01,Wellington," 30,191 "
52,2013-03-01,Wellington," 30,460 "
53,2013-06-01,Wellington," 30,729 "
54,2013-09-01,Wellington," 30,999 "
55,2013-12-01,Wellington," 31,268 "
56,2014-03-01,Wellington," 31,537 "
57,2014-06-01,Wellington," 31,807 "
58,2014-09-01,Wellington," 32,076 "
59,2014-12-01,Wellington," 32,345 "
60,2015-03-01,Wellington," 32,614 "
61,2015-06-01,Wellington," 32,884 "
62,2015-09-01,Wellington," 33,153 "
63,2015-12-01,Wellington," 33,422 "
64,2016-03-01,Wellington," 33,692 "
65,2016-06-01,Wellington," 33,961 "
66,2016-09-01,Wellington," 34,230 "
67,2016-12-01,Wellington," 34,499 "
68,2017-03-01,Wellington," 34,769 "
69,2017-06-01,Wellington," 35,038 "
70,2017-09-01,Wellington," 35,307 "
71,2017-12-01,Wellington," 35,577 "
72,2018-03-01,Wellington," 35,846 "
73,2018-06-01,Wellington," 36,115 "
74,2018-09-01,Wellington," 36,384 "
75,2018-12-01,Wellington," 36,654 "
0,2000-03-01,West Coast, 695 
1,2000-06-01,West Coast, 713 
2,2000-09-01,West Coast, 730 
3,2000-12-01,West Coast, 747 
4,2001-03-01,West Coast, 764 
5,2001-06-01,West Coast, 781 
6,2001-09-01,West Coast, 799 
7,2001-12-01,West Coast, 816 
8,2002-03-01,West Coast, 833 
9,2002-06-01,West Coast, 850 
10,2002-09-01,West Coast, 867 
11,2002-12-01,West Coast, 885 
12,2003-03-01,West Coast, 902 
13,2003-06-01,West Coast, 919 
14,2003-09-01,West Coast, 936 
15,2003-12-01,West Coast, 953 
16,2004-03-01,West Coast, 971 
17,2004-06-01,West Coast, 988 
18,2004-09-01,West Coast," 1,005 "
19,2004-12-01,West Coast," 1,022 "
20,2005-03-01,West Coast," 1,039 "
21,2005-06-01,West Coast," 1,056 "
22,2005-09-01,West Coast," 1,074 "
23,2005-12-01,West Coast," 1,091 "
24,2006-03-01,West Coast," 1,108 "
25,2006-06-01,West Coast," 1,125 "
26,2006-09-01,West Coast," 1,142 "
27,2006-12-01,West Coast," 1,160 "
28,2007-03-01,West Coast," 1,177 "
29,2007-06-01,West Coast," 1,194 "
30,2007-09-01,West Coast," 1,211 "
31,2007-12-01,West Coast," 1,228 "
32,2008-03-01,West Coast," 1,246 "
33,2008-06-01,West Coast," 1,263 "
34,2008-09-01,West Coast," 1,280 "
35,2008-12-01,West Coast," 1,297 "
36,2009-03-01,West Coast," 1,314 "
37,2009-06-01,West Coast," 1,332 "
38,2009-09-01,West Coast," 1,349 "
39,2009-12-01,West Coast," 1,366 "
40,2010-03-01,West Coast," 1,383 "
41,2010-06-01,West Coast," 1,400 "
42,2010-09-01,West Coast," 1,418 "
43,2010-12-01,West Coast," 1,435 "
44,2011-03-01,West Coast," 1,452 "
45,2011-06-01,West Coast," 1,469 "
46,2011-09-01,West Coast," 1,486 "
47,2011-12-01,West Coast," 1,504 "
48,2012-03-01,West Coast," 1,521 "
49,2012-06-01,West Coast," 1,538 "
50,2012-09-01,West Coast," 1,555 "
51,2012-12-01,West Coast," 1,572 "
52,2013-03-01,West Coast," 1,590 "
53,2013-06-01,West Coast," 1,607 "
54,2013-09-01,West Coast," 1,624 "
55,2013-12-01,West Coast," 1,641 "
56,2014-03-01,West Coast," 1,658 "
57,2014-06-01,West Coast," 1,676 "
58,2014-09-01,West Coast," 1,693 "
59,2014-12-01,West Coast," 1,710 "
60,2015-03-01,West Coast," 1,727 "
61,2015-06-01,West Coast," 1,744 "
62,2015-09-01,West Coast," 1,762 "
63,2015-12-01,West Coast," 1,779 "
64,2016-03-01,West Coast," 1,796 "
65,2016-06-01,West Coast," 1,813 "
66,2016-09-01,West Coast," 1,830 "
67,2016-12-01,West Coast," 1,848 "
68,2017-03-01,West Coast," 1,865 "
69,2017-06-01,West Coast," 1,882 "
70,2017-09-01,West Coast," 1,899 "
71,2017-12-01,West Coast," 1,916 "
72,2018-03-01,West Coast," 1,933 "
73,2018-06-01,West Coast," 1,951 "
74,2018-09-01,West Coast," 1,968 "
75,2018-12-01,West Coast," 1,985 "
